Workbook

Sheet indicaciones
C1: https://www.banxico.org.mx/valores/PresentaDetallePosicionGub.faces?BMXC_instrumento=2&BMXC_lang=es_MX
B3: maturity | C3: Mbono que vencen en: | D3: Cantidad de títulos | E3: Posición | F3: Precio | G3: Valor posicion | H3: Ponderaciones
B4: 2 años | C4: 46814 | D4: 3279512 | E4: Long | F4: 102.1857 | G4: =F4*D4 -> 3.3511923e+08 | H4: =G4/(G4+G5) -> 0.76946594
B5: 10 años | C5: 49726 | D5: 1054357 | E5: Short | F5: 95.2264 | G5: =F5*D5 -> 1.0040262e+08 | H5: =-G5/(G4+G5) -> -0.23053406
D6: NO es dinero
F7: Precio si 1 pb change | G7: PV01 por bono | H7: PV01 por posición
E8: 46814 | F8: 102.2048 | G8: =F8-F4 -> 0.0191 | H8: =G8*D4 -> 62638.679
E9: 49726 | F9: 95.2903 | G9: =F9-F5 -> 0.0639 | H9: =G9*D5 -> 67373.412
C11: Calcular el VaR para t+1 nivel de confianza 95% para el portafolio cuya estrategia es un steepener
C12: Utilizando el "atajo" es primero calculo los PV01 ya sea del bono individual o de cada posición, luego calculos los P&L's dado los
C13: cambios en las yields, y finalmente extraigo el percentil de acuerdo a mi nivel de confianza
C16: ¿qué tanto se modificaría el VaR si ambas posiciones estuvieran en long?
C17: aumenta de 538 mil a 935 mil pesos

Sheet historical yields nodos 2 y 10
A1: fecha | B1: 2Y | C1: 10Y | D1: cambio en pb en el nodo 2Y | E1: cambio en pb en el nodo de 10Y | F1: P&L M2028 (a) | G1: P&L M2036 (a) | H1: P&L del portafolio | I1: VaR del port | J1: P&L M2028 (b) | K1: P&L M2036 (b) | L1: P&L del portafolio
A2: 46063 | B2: 7.32 | C2: 8.71 | D2: =(B2-B3)*100 -> -6 | E2: =(C2-C3)*100 -> -8 | F2: =-D2*indicaciones!$G$8*indicaciones!$D$4 -> 375832.08 | G2: =-E2*indicaciones!$G$9*-indicaciones!$D$5 -> -538987.3 | H2: =F2+G2 -> -163155.22 | I2: =PERCENTILE(H2:H261,0.05) -> -538987.3 | J2: =-D2*indicaciones!$H$8 -> 375832.08 | K2: =-E2*-indicaciones!$H$9 -> -538987.3 | L2: =SUM(J2:K2) -> -163155.22 | M2: =PERCENTILE(L2:L261,0.05) -> -538987.3
A3: 46062 | B3: 7.38 | C3: 8.79 | D3: =(B3-B4)*100 -> 2 | E3: =(C3-C4)*100 -> 1 | F3: =-D3*indicaciones!$G$8*indicaciones!$D$4 -> -125277.36 | G3: =-E3*indicaciones!$G$9*-indicaciones!$D$5 -> 67373.412 | H3: =F3+G3 -> -57903.946 | J3: =-D3*indicaciones!$H$8 -> -125277.36 | K3: =-E3*-indicaciones!$H$9 -> 67373.412 | L3: =SUM(J3:K3) -> -57903.946
A4: 46059 | B4: 7.36 | C4: 8.78 | D4: =(B4-B5)*100 -> -10 | E4: =(C4-C5)*100 -> -4 | F4: =-D4*indicaciones!$G$8*indicaciones!$D$4 -> 626386.79 | G4: =-E4*indicaciones!$G$9*-indicaciones!$D$5 -> -269493.65 | H4: =F4+G4 -> 356893.14 | J4: =-D4*indicaciones!$H$8 -> 626386.79 | K4: =-E4*-indicaciones!$H$9 -> -269493.65 | L4: =SUM(J4:K4) -> 356893.14
A5: 46058 | B5: 7.46 | C5: 8.82 | D5: =(B5-B6)*100 -> -5 | E5: =(C5-C6)*100 -> -9 | F5: =-D5*indicaciones!$G$8*indicaciones!$D$4 -> 313193.4 | G5: =-E5*indicaciones!$G$9*-indicaciones!$D$5 -> -606360.71 | H5: =F5+G5 -> -293167.31 | J5: =-D5*indicaciones!$H$8 -> 313193.4 | K5: =-E5*-indicaciones!$H$9 -> -606360.71 | L5: =SUM(J5:K5) -> -293167.31
A6: 46057 | B6: 7.51 | C6: 8.91 | D6: =(B6-B7)*100 -> -2 | E6: =(C6-C7)*100 -> 4 | F6: =-D6*indicaciones!$G$8*indicaciones!$D$4 -> 125277.36 | G6: =-E6*indicaciones!$G$9*-indicaciones!$D$5 -> 269493.65 | H6: =F6+G6 -> 394771.01 | J6: =-D6*indicaciones!$H$8 -> 125277.36 | K6: =-E6*-indicaciones!$H$9 -> 269493.65 | L6: =SUM(J6:K6) -> 394771.01
A7: 46056 | B7: 7.53 | C7: 8.87 | D7: =(B7-B8)*100 -> 1 | E7: =(C7-C8)*100 -> 1 | F7: =-D7*indicaciones!$G$8*indicaciones!$D$4 -> -62638.679 | G7: =-E7*indicaciones!$G$9*-indicaciones!$D$5 -> 67373.412 | H7: =F7+G7 -> 4734.7331 | J7: =-D7*indicaciones!$H$8 -> -62638.679 | K7: =-E7*-indicaciones!$H$9 -> 67373.412 | L7: =SUM(J7:K7) -> 4734.7331
A8: 46055 | B8: 7.52 | C8: 8.86 | D8: =(B8-B9)*100 -> 0 | E8: =(C8-C9)*100 -> 0 | F8: =-D8*indicaciones!$G$8*indicaciones!$D$4 -> 0 | G8: =-E8*indicaciones!$G$9*-indicaciones!$D$5 -> 0 | H8: =F8+G8 -> 0 | J8: =-D8*indicaciones!$H$8 -> 0 | K8: =-E8*-indicaciones!$H$9 -> 0 | L8: =SUM(J8:K8) -> 0
A9: 46052 | B9: 7.52 | C9: 8.86 | D9: =(B9-B10)*100 -> -1 | E9: =(C9-C10)*100 -> 4 | F9: =-D9*indicaciones!$G$8*indicaciones!$D$4 -> 62638.679 | G9: =-E9*indicaciones!$G$9*-indicaciones!$D$5 -> 269493.65 | H9: =F9+G9 -> 332132.33 | J9: =-D9*indicaciones!$H$8 -> 62638.679 | K9: =-E9*-indicaciones!$H$9 -> 269493.65 | L9: =SUM(J9:K9) -> 332132.33
A10: 46051 | B10: 7.53 | C10: 8.82 | D10: =(B10-B11)*100 -> 0 | E10: =(C10-C11)*100 -> -8 | F10: =-D10*indicaciones!$G$8*indicaciones!$D$4 -> 0 | G10: =-E10*indicaciones!$G$9*-indicaciones!$D$5 -> -538987.3 | H10: =F10+G10 -> -538987.3 | J10: =-D10*indicaciones!$H$8 -> 0 | K10: =-E10*-indicaciones!$H$9 -> -538987.3 | L10: =SUM(J10:K10) -> -538987.3
A11: 46050 | B11: 7.53 | C11: 8.9 | D11: =(B11-B12)*100 -> -5 | E11: =(C11-C12)*100 -> -2 | F11: =-D11*indicaciones!$G$8*indicaciones!$D$4 -> 313193.4 | G11: =-E11*indicaciones!$G$9*-indicaciones!$D$5 -> -134746.82 | H11: =F11+G11 -> 178446.57 | J11: =-D11*indicaciones!$H$8 -> 313193.4 | K11: =-E11*-indicaciones!$H$9 -> -134746.82 | L11: =SUM(J11:K11) -> 178446.57
A12: 46049 | B12: 7.58 | C12: 8.92 | D12: =(B12-B13)*100 -> -5 | E12: =(C12-C13)*100 -> -5 | F12: =-D12*indicaciones!$G$8*indicaciones!$D$4 -> 313193.4 | G12: =-E12*indicaciones!$G$9*-indicaciones!$D$5 -> -336867.06 | H12: =F12+G12 -> -23673.665 | J12: =-D12*indicaciones!$H$8 -> 313193.4 | K12: =-E12*-indicaciones!$H$9 -> -336867.06 | L12: =SUM(J12:K12) -> -23673.665
A13: 46048 | B13: 7.63 | C13: 8.97 | D13: =(B13-B14)*100 -> 1 | E13: =(C13-C14)*100 -> 3 | F13: =-D13*indicaciones!$G$8*indicaciones!$D$4 -> -62638.679 | G13: =-E13*indicaciones!$G$9*-indicaciones!$D$5 -> 202120.24 | H13: =F13+G13 -> 139481.56 | J13: =-D13*indicaciones!$H$8 -> -62638.679 | K13: =-E13*-indicaciones!$H$9 -> 202120.24 | L13: =SUM(J13:K13) -> 139481.56
A14: 46045 | B14: 7.62 | C14: 8.94 | D14: =(B14-B15)*100 -> -6 | E14: =(C14-C15)*100 -> -3 | F14: =-D14*indicaciones!$G$8*indicaciones!$D$4 -> 375832.08 | G14: =-E14*indicaciones!$G$9*-indicaciones!$D$5 -> -202120.24 | H14: =F14+G14 -> 173711.84 | J14: =-D14*indicaciones!$H$8 -> 375832.08 | K14: =-E14*-indicaciones!$H$9 -> -202120.24 | L14: =SUM(J14:K14) -> 173711.84
... A261: 45700 | B261: 9.28 | C261: 9.9 | D261: =(B261-B262)*100 -> 6 | E261: =(C261-C262)*100 -> 6 | F261: =-D261*indicaciones!$G$8*indicaciones!$D$4 -> -375832.08 | G261: =-E261*indicaciones!$G$9*-indicaciones!$D$5 -> 404240.47 | H261: =F261+G261 -> 28408.399 | J261: =-D261*indicaciones!$H$8 -> -375832.08 | K261: =-E261*-indicaciones!$H$9 -> 404240.47 | L261: =SUM(J261:K261) -> 28408.399
A262: 45699 | B262: 9.22 | C262: 9.84 | F262: =-D262*indicaciones!$G$8*indicaciones!$D$4 -> 0 | G262: =-E262*indicaciones!$G$9*-indicaciones!$D$5 -> 0 | H262: =F262+G262 -> 0 | J262: =-D262*indicaciones!$H$8 -> 0 | K262: =-E262*-indicaciones!$H$9 -> 0 | L262: =SUM(J262:K262) -> 0

Sheet si todo en long
A1: fecha | B1: 2Y | C1: 10Y | D1: cambio en pb en el nodo 2Y | E1: cambio en pb en el nodo de 10Y | F1: P&L M2028 (a) | G1: P&L M2036 (a) | H1: P&L del portafolio | I1: VaR del port
A2: 46063 | B2: 7.32 | C2: 8.71 | D2: =(B2-B3)*100 -> -6 | E2: =(C2-C3)*100 -> -8 | F2: =-D2*indicaciones!$G$8*indicaciones!$D$4 -> 375832.08 | G2: =-E2*indicaciones!$G$9*indicaciones!$D$5 -> 538987.3 | H2: =F2+G2 -> 914819.37 | I2: =PERCENTILE(H2:H261,0.05) -> -935706.56
A3: 46062 | B3: 7.38 | C3: 8.79 | D3: =(B3-B4)*100 -> 2 | E3: =(C3-C4)*100 -> 1 | F3: =-D3*indicaciones!$G$8*indicaciones!$D$4 -> -125277.36 | G3: =-E3*indicaciones!$G$9*indicaciones!$D$5 -> -67373.412 | H3: =F3+G3 -> -192650.77
A4: 46059 | B4: 7.36 | C4: 8.78 | D4: =(B4-B5)*100 -> -10 | E4: =(C4-C5)*100 -> -4 | F4: =-D4*indicaciones!$G$8*indicaciones!$D$4 -> 626386.79 | G4: =-E4*indicaciones!$G$9*indicaciones!$D$5 -> 269493.65 | H4: =F4+G4 -> 895880.44
A5: 46058 | B5: 7.46 | C5: 8.82 | D5: =(B5-B6)*100 -> -5 | E5: =(C5-C6)*100 -> -9 | F5: =-D5*indicaciones!$G$8*indicaciones!$D$4 -> 313193.4 | G5: =-E5*indicaciones!$G$9*indicaciones!$D$5 -> 606360.71 | H5: =F5+G5 -> 919554.11
A6: 46057 | B6: 7.51 | C6: 8.91 | D6: =(B6-B7)*100 -> -2 | E6: =(C6-C7)*100 -> 4 | F6: =-D6*indicaciones!$G$8*indicaciones!$D$4 -> 125277.36 | G6: =-E6*indicaciones!$G$9*indicaciones!$D$5 -> -269493.65 | H6: =F6+G6 -> -144216.29
A7: 46056 | B7: 7.53 | C7: 8.87 | D7: =(B7-B8)*100 -> 1 | E7: =(C7-C8)*100 -> 1 | F7: =-D7*indicaciones!$G$8*indicaciones!$D$4 -> -62638.679 | G7: =-E7*indicaciones!$G$9*indicaciones!$D$5 -> -67373.412 | H7: =F7+G7 -> -130012.09
A8: 46055 | B8: 7.52 | C8: 8.86 | D8: =(B8-B9)*100 -> 0 | E8: =(C8-C9)*100 -> 0 | F8: =-D8*indicaciones!$G$8*indicaciones!$D$4 -> 0 | G8: =-E8*indicaciones!$G$9*indicaciones!$D$5 -> 0 | H8: =F8+G8 -> 0
A9: 46052 | B9: 7.52 | C9: 8.86 | D9: =(B9-B10)*100 -> -1 | E9: =(C9-C10)*100 -> 4 | F9: =-D9*indicaciones!$G$8*indicaciones!$D$4 -> 62638.679 | G9: =-E9*indicaciones!$G$9*indicaciones!$D$5 -> -269493.65 | H9: =F9+G9 -> -206854.97
A10: 46051 | B10: 7.53 | C10: 8.82 | D10: =(B10-B11)*100 -> 0 | E10: =(C10-C11)*100 -> -8 | F10: =-D10*indicaciones!$G$8*indicaciones!$D$4 -> 0 | G10: =-E10*indicaciones!$G$9*indicaciones!$D$5 -> 538987.3 | H10: =F10+G10 -> 538987.3
A11: 46050 | B11: 7.53 | C11: 8.9 | D11: =(B11-B12)*100 -> -5 | E11: =(C11-C12)*100 -> -2 | F11: =-D11*indicaciones!$G$8*indicaciones!$D$4 -> 313193.4 | G11: =-E11*indicaciones!$G$9*indicaciones!$D$5 -> 134746.82 | H11: =F11+G11 -> 447940.22
A12: 46049 | B12: 7.58 | C12: 8.92 | D12: =(B12-B13)*100 -> -5 | E12: =(C12-C13)*100 -> -5 | F12: =-D12*indicaciones!$G$8*indicaciones!$D$4 -> 313193.4 | G12: =-E12*indicaciones!$G$9*indicaciones!$D$5 -> 336867.06 | H12: =F12+G12 -> 650060.46
A13: 46048 | B13: 7.63 | C13: 8.97 | D13: =(B13-B14)*100 -> 1 | E13: =(C13-C14)*100 -> 3 | F13: =-D13*indicaciones!$G$8*indicaciones!$D$4 -> -62638.679 | G13: =-E13*indicaciones!$G$9*indicaciones!$D$5 -> -202120.24 | H13: =F13+G13 -> -264758.92
A14: 46045 | B14: 7.62 | C14: 8.94 | D14: =(B14-B15)*100 -> -6 | E14: =(C14-C15)*100 -> -3 | F14: =-D14*indicaciones!$G$8*indicaciones!$D$4 -> 375832.08 | G14: =-E14*indicaciones!$G$9*indicaciones!$D$5 -> 202120.24 | H14: =F14+G14 -> 577952.31
... A261: 45700 | B261: 9.28 | C261: 9.9 | D261: =(B261-B262)*100 -> 6 | E261: =(C261-C262)*100 -> 6 | F261: =-D261*indicaciones!$G$8*indicaciones!$D$4 -> -375832.08 | G261: =-E261*indicaciones!$G$9*indicaciones!$D$5 -> -404240.47 | H261: =F261+G261 -> -780072.55
A262: 45699 | B262: 9.22 | C262: 9.84 | F262: =-D262*indicaciones!$G$8*indicaciones!$D$4 -> 0 | G262: =-E262*indicaciones!$G$9*indicaciones!$D$5 -> 0 | H262: =F262+G262 -> 0
